{
   "project":"grav-skeleton-onepage-site",
   "platforms":{
      "grav":{
         "nodes":{
            "skeleton":[
               {
                  "source":"/",
                  "destination":"/user"
               }
            ],
            "error plugin":[{
               "project":"grav-plugin-error"
            }],
            "problems plugin":[{
               "project":"grav-plugin-problems"
            }],
            "agency theme":[{
               "project":"grav-theme-agency"
            }]
         }
      }
   }
}
